model,overall_acc,n
LLaVA-1.5,0.3222123274600852,31442
LLaVA-1.6,0.24355957000190828,31442
Qwen3-VL-8B,0.3825545171339564,4815
