split,model,overall_acc,n
03,LLaVA-1.5,0.3117980179329873,21190
03,LLaVA-1.6,0.23997168475696082,21190
03,Qwen3-VL-8B,0.37209302325581395,1204
05,LLaVA-1.5,0.379746835443038,1185
05,LLaVA-1.6,0.2852320675105485,1185
05,Qwen3-VL-8B,0.4489451476793249,1185
07,LLaVA-1.5,0.34636408812324004,6037
07,LLaVA-1.6,0.24051681298658273,6037
07,Qwen3-VL-8B,0.35151006711409394,1192
09,LLaVA-1.5,0.3244224422442244,3030
09,LLaVA-1.6,0.2584158415841584,3030
09,Qwen3-VL-8B,0.35899513776337116,1234
